application_1476586087984_0002,8,57
application_1476586087984_0003,7,69
application_1476586087984_0004,6,69
application_1476586087984_0005,16,75
application_1476586087984_0006,10,84
application_1476586087984_0007,26,71
application_1476586087984_0008,52,53
application_1476586087984_0009,15,72
application_1476586087984_0010,17,44
application_1476586087984_0011,26,61
application_1476586087984_0012,23,63
application_1476586087984_0013,16,80
application_1476586087984_0014,69,59
application_1476586087984_0015,20,54
application_1476586087984_0016,68,58
application_1476586087984_0017,56,46
application_1476586087984_0018,59,55
application_1476586087984_0019,55,50
application_1476586087984_0020,39,41
application_1476586087984_0021,45,78
application_1476586087984_0022,34,64
application_1476586087984_0023,21,46
application_1476586087984_0024,27,57
application_1476586087984_0025,13,70
application_1476586087984_0026,36,50
application_1476586087984_0027,18,59
application_1476586087984_0028,9,54
application_1476586087984_0029,11,53
application_1476586087984_0030,10,71
application_1476586087984_0031,7,74
application_1476586087984_0032,9,65
application_1476586087984_0033,9,79
application_1476586087984_0034,7,89
application_1476586087984_0035,6,78
application_1476586087984_0036,11,54
application_1476586087984_0037,7,94
application_1476586087984_0038,37,38
application_1476586087984_0039,31,40
application_1476586087984_0040,6,95
application_1476586087984_0041,9,66
application_1476586087984_0042,8,76
application_1476586087984_0043,6,55
application_1476586087984_0044,10,70
application_1476586087984_0045,8,56
application_1476586087984_0046,7,56
application_1476586087984_0047,6,59
application_1476586087984_0048,14,46
application_1476586087984_0049,15,52
application_1476586087984_0050,9,53
application_1476586087984_0051,10,54
application_1476586087984_0052,9,68
application_1476586087984_0053,6,60
application_1476586087984_0054,40,38
application_1476586087984_0055,43,47
application_1476586087984_0056,17,55
application_1476586087984_0057,9,66
application_1476586087984_0058,14,54
application_1476586087984_0059,17,51
application_1476586087984_0060,33,36
application_1476586087984_0061,7,63
application_1476586087984_0062,10,58
application_1476586087984_0063,9,54
application_1476586087984_0064,6,64
application_1476586087984_0065,9,81
application_1476586087984_0066,44,51
application_1476586087984_0067,7,72
application_1476586087984_0068,22,63
application_1476586087984_0069,8,54
application_1476586087984_0070,11,61
application_1476586087984_0071,24,91
application_1476586087984_0072,25,47
application_1476586087984_0073,8,67
application_1476586087984_0074,7,61
application_1476586087984_0075,6,54
application_1476586087984_0076,6,72
application_1476586087984_0077,17,92
application_1476586087984_0078,8,59
application_1476586087984_0079,15,61
application_1476586087984_0080,15,61
application_1476586087984_0082,11,74
application_1476586087984_0081,19,68
application_1476586087984_0083,19,45
application_1476586087984_0084,12,56
application_1476586087984_0085,7,55
application_1476586087984_0086,7,73
application_1476586087984_0087,15,54
application_1476586087984_0088,9,59
application_1476586087984_0089,20,70
application_1476586087984_0090,10,63
application_1476586087984_0091,7,52
application_1476586087984_0092,7,57
application_1476586087984_0093,7,78
application_1476586087984_0094,9,48
application_1476586087984_0095,7,62
application_1476586087984_0096,5,66
application_1476586087984_0097,24,74
application_1476586087984_0098,15,43
application_1476586087984_0099,7,48
application_1476586087984_0100,14,51
application_1476586087984_0102,5,57
application_1476586087984_0101,7,61
application_1476586087984_0103,7,54
application_1476586087984_0104,10,68
application_1476586087984_0105,13,56
application_1476586087984_0106,6,64
application_1476586087984_0107,10,59
application_1476586087984_0108,13,62
application_1476586087984_0109,20,54
application_1476586087984_0110,26,43
application_1476586087984_0112,12,52
application_1476586087984_0111,16,43
application_1476586087984_0113,12,61
application_1476586087984_0114,16,48
application_1476586087984_0115,9,72
application_1476586087984_0116,11,57
application_1476586087984_0118,9,54
application_1476586087984_0117,11,51
application_1476586087984_0120,21,48
application_1476586087984_0119,6,59
application_1476586087984_0121,10,59
application_1476586087984_0122,8,67
application_1476586087984_0123,20,38
application_1476586087984_0124,12,63
application_1476586087984_0125,7,67
application_1476586087984_0126,8,87
application_1476586087984_0127,7,88
application_1476586087984_0128,11,53
application_1476586087984_0129,7,56
application_1476586087984_0130,8,45
application_1476586087984_0131,8,56
application_1476586087984_0132,18,61
application_1476586087984_0133,18,64
application_1476586087984_0134,10,49
application_1476586087984_0135,8,49
application_1476586087984_0136,6,41
application_1476586087984_0137,7,63
application_1476586087984_0138,6,77
application_1476586087984_0139,10,80
application_1476586087984_0140,9,68
application_1476586087984_0141,11,65
application_1476586087984_0142,6,59
application_1476586087984_0143,10,43
application_1476586087984_0144,9,53
application_1476586087984_0146,7,56
application_1476586087984_0145,10,64
application_1476586087984_0147,8,127
application_1476586087984_0148,7,40
application_1476586087984_0149,9,52
application_1476586087984_0150,8,65
application_1476586087984_0152,13,62
application_1476586087984_0151,9,54
application_1476586087984_0153,7,48
application_1476586087984_0154,8,49
application_1476586087984_0155,10,84
application_1476586087984_0156,11,74
application_1476586087984_0157,8,61
application_1476586087984_0158,5,44
application_1476586087984_0159,9,67
application_1476586087984_0160,8,61
application_1476586087984_0161,7,73
application_1476586087984_0162,5,68
application_1476586087984_0163,7,62
application_1476586087984_0164,17,57
application_1476586087984_0165,9,48
application_1476586087984_0166,9,71
application_1476586087984_0167,10,45
application_1476586087984_0168,6,51
application_1476586087984_0169,8,64
application_1476586087984_0170,9,64
application_1476586087984_0171,26,36
application_1476586087984_0172,7,46
application_1476586087984_0173,7,48
application_1476586087984_0174,17,45
application_1476586087984_0175,7,48
application_1476586087984_0176,7,44
application_1476586087984_0177,12,59
application_1476586087984_0178,13,49
application_1476586087984_0180,40,46
application_1476586087984_0179,7,44
application_1476586087984_0181,7,64
application_1476586087984_0183,46,42
application_1476586087984_0182,13,50
application_1476586087984_0184,28,73
application_1476586087984_0185,41,48
application_1476586087984_0186,8,61
application_1476586087984_0187,6,67
application_1476586087984_0188,9,56
application_1476586087984_0189,11,54
application_1476586087984_0190,10,68
application_1476586087984_0191,8,58
application_1476586087984_0192,9,55
application_1476586087984_0193,8,65
application_1476586087984_0194,13,57
application_1476586087984_0195,7,40
application_1476586087984_0196,8,69
application_1476586087984_0197,80,42
application_1476586087984_0198,9,56
application_1476586087984_0199,8,80
application_1476586087984_0200,9,58
application_1476586087984_0201,7,57
application_1476586087984_0202,13,60
application_1476586087984_0203,7,61
application_1476586087984_0204,10,54
application_1476586087984_0205,7,63
application_1476586087984_0206,6,53
application_1476586087984_0207,7,46
application_1476586087984_0208,9,66
application_1476586087984_0209,27,88
application_1476586087984_0210,7,84
application_1476586087984_0211,6,42
application_1476586087984_0212,11,57
application_1476586087984_0213,38,89
application_1476586087984_0214,7,55
application_1476586087984_0215,9,62
application_1476586087984_0216,11,68
application_1476586087984_0217,7,57
application_1476586087984_0218,7,46
application_1476586087984_0219,31,45
application_1476586087984_0220,35,48
application_1476586087984_0221,19,53
application_1476586087984_0222,45,35
application_1476586087984_0223,52,44
application_1476586087984_0224,46,32
application_1476586087984_0225,6,78
application_1476586087984_0226,49,57
application_1476586087984_0227,9,63
application_1476586087984_0228,9,71
application_1476586087984_0229,39,46
application_1476586087984_0230,11,65
application_1476586087984_0231,6,61
application_1476586087984_0232,10,57
application_1476586087984_0233,13,46
application_1476586087984_0234,10,49
application_1476586087984_0235,8,54
application_1476586087984_0236,5,44
